{
  "project_info": {
    "project_number": "143541568031",
    "firebase_url": "https://xcnmhotelbookingapp-default-rtdb.firebaseio.com",
    "project_id": "xcnmhotelbookingapp",
    "storage_bucket": "xcnmhotelbookingapp.firebasestorage.app"
  },
  "client": [
    {
      "client_info": {
        "mobilesdk_app_id": "1:143541568031:android:b8f5a721e7c57504414b2a",
        "android_client_info": {
          "package_name": "com.tlavu.roomdetails"
        }
      },
      "oauth_client": [
        {
          "client_id": "143541568031-6kgbblbc34gmtvnuuekpkbcq4ht8vn6b.apps.googleusercontent.com",
          "client_type": 3
        }
      ],
      "api_key": [
        {
          "current_key": "AIzaSyCMOPeMUv8wi6-mhCOlJe14lciabjBR2ns"
        }
      ],
      "services": {
        "appinvite_service": {
          "other_platform_oauth_client": [
            {
              "client_id": "143541568031-6kgbblbc34gmtvnuuekpkbcq4ht8vn6b.apps.googleusercontent.com",
              "client_type": 3
            }
          ]
        }
      }
    },
    {
      "client_info": {
        "mobilesdk_app_id": "1:143541568031:android:ee4a8d60a774e3b6414b2a",
        "android_client_info": {
          "package_name": "com.xinchaongaymoi.hotelbookingapp"
        }
      },
      "oauth_client": [
        {
          "client_id": "143541568031-1rp1btmcdv6a6ukenm69la3ic53edb8l.apps.googleusercontent.com",
          "client_type": 1,
          "android_info": {
            "package_name": "com.xinchaongaymoi.hotelbookingapp",
            "certificate_hash": "64efd4e017f5005e595dd47023106552d0bf1b16"
          }
        },
        {
          "client_id": "143541568031-m1o9i9anpa3ln2b2h4qhv42gah8f4egq.apps.googleusercontent.com",
          "client_type": 1,
          "android_info": {
            "package_name": "com.xinchaongaymoi.hotelbookingapp",
            "certificate_hash": "34357622759ff18940840fc30d8c205bbc52a8df"
          }
        },
        {
          "client_id": "143541568031-6kgbblbc34gmtvnuuekpkbcq4ht8vn6b.apps.googleusercontent.com",
          "client_type": 3
        }
      ],
      "api_key": [
        {
          "current_key": "AIzaSyCMOPeMUv8wi6-mhCOlJe14lciabjBR2ns"
        }
      ],
      "services": {
        "appinvite_service": {
          "other_platform_oauth_client": [
            {
              "client_id": "143541568031-6kgbblbc34gmtvnuuekpkbcq4ht8vn6b.apps.googleusercontent.com",
              "client_type": 3
            }
          ]
        }
      }
    }
  ],
  "configuration_version": "1"
}